Workbook

Sheet results_yttrandefrihet_text_bas
A1: id | B1: est_p_age_le_18 | D1: est_p_age_19_29 | F1: est_p_age_30_39 | H1: est_p_age_ge_40 | J1: est_p_gender_male | K1: est_p_gender_female | L1: est_p_is_org | M1: est_p_is_non_org
A2: 1.1823375e+18 | B2: 0.4716 | C2: =IF(B2=MAX(B2,D2,F2,H2),1,0) -> 1 | D2: 0.2027 | E2: =IF(D2=MAX(B2,D2,F2,H2),1,0) -> 0 | F2: 0.204 | G2: =IF(F2=MAX(B2,D2,F2,H2),1,0) -> 0 | H2: 0.1218 | I2: =IF(H2=MAX(B2,D2,F2,H2),1,0) -> 0 | J2: 0.7228 | K2: 0.2772 | L2: 0.2227 | M2: 0.7773
A3: 9.0546699e+17 | B3: 0.6128 | C3: =IF(B3=MAX(B3,D3,F3,H3),1,0) -> 1 | D3: 0.2261 | E3: =IF(D3=MAX(B3,D3,F3,H3),1,0) -> 0 | F3: 0.0945 | G3: =IF(F3=MAX(B3,D3,F3,H3),1,0) -> 0 | H3: 0.0666 | I3: =IF(H3=MAX(B3,D3,F3,H3),1,0) -> 0 | J3: 0.7135 | K3: 0.2865 | L3: 0.2375 | M3: 0.7625
A4: 1.2240987e+18 | B4: 0.0091 | C4: =IF(B4=MAX(B4,D4,F4,H4),1,0) -> 0 | D4: 0.0085 | E4: =IF(D4=MAX(B4,D4,F4,H4),1,0) -> 0 | F4: 0.285 | G4: =IF(F4=MAX(B4,D4,F4,H4),1,0) -> 0 | H4: 0.6974 | I4: =IF(H4=MAX(B4,D4,F4,H4),1,0) -> 1 | J4: 0.9801 | K4: 0.0199 | L4: 0.7633 | M4: 0.2367
A5: 1.0058324e+18 | B5: 0.316 | C5: =IF(B5=MAX(B5,D5,F5,H5),1,0) -> 0 | D5: 0.3468 | E5: =IF(D5=MAX(B5,D5,F5,H5),1,0) -> 1 | F5: 0.2591 | G5: =IF(F5=MAX(B5,D5,F5,H5),1,0) -> 0 | H5: 0.0781 | I5: =IF(H5=MAX(B5,D5,F5,H5),1,0) -> 0 | J5: 0.1614 | K5: 0.8386 | L5: 0.0805 | M5: 0.9195
A6: 27488917 | B6: 0.3029 | C6: =IF(B6=MAX(B6,D6,F6,H6),1,0) -> 0 | D6: 0.1834 | E6: =IF(D6=MAX(B6,D6,F6,H6),1,0) -> 0 | F6: 0.3271 | G6: =IF(F6=MAX(B6,D6,F6,H6),1,0) -> 1 | H6: 0.1866 | I6: =IF(H6=MAX(B6,D6,F6,H6),1,0) -> 0 | J6: 0.1311 | K6: 0.8689 | L6: 0.0714 | M6: 0.9286
A7: 270869801 | B7: 0.0403 | C7: =IF(B7=MAX(B7,D7,F7,H7),1,0) -> 0 | D7: 0.5208 | E7: =IF(D7=MAX(B7,D7,F7,H7),1,0) -> 1 | F7: 0.3509 | G7: =IF(F7=MAX(B7,D7,F7,H7),1,0) -> 0 | H7: 0.088 | I7: =IF(H7=MAX(B7,D7,F7,H7),1,0) -> 0 | J7: 0.0733 | K7: 0.9267 | L7: 0.0174 | M7: 0.9826
A8: 2237109578 | B8: 0.0303 | C8: =IF(B8=MAX(B8,D8,F8,H8),1,0) -> 0 | D8: 0.0967 | E8: =IF(D8=MAX(B8,D8,F8,H8),1,0) -> 0 | F8: 0.3648 | G8: =IF(F8=MAX(B8,D8,F8,H8),1,0) -> 0 | H8: 0.5082 | I8: =IF(H8=MAX(B8,D8,F8,H8),1,0) -> 1 | J8: 0.0445 | K8: 0.9555 | L8: 0.0851 | M8: 0.9149
A9: 32950562 | B9: 0.2322 | C9: =IF(B9=MAX(B9,D9,F9,H9),1,0) -> 0 | D9: 0.2427 | E9: =IF(D9=MAX(B9,D9,F9,H9),1,0) -> 0 | F9: 0.3135 | G9: =IF(F9=MAX(B9,D9,F9,H9),1,0) -> 1 | H9: 0.2116 | I9: =IF(H9=MAX(B9,D9,F9,H9),1,0) -> 0 | J9: 0.9157 | K9: 0.0843 | L9: 0.061 | M9: 0.939
A10: 1.2897676e+18 | B10: 0.4899 | C10: =IF(B10=MAX(B10,D10,F10,H10),1,0) -> 1 | D10: 0.1942 | E10: =IF(D10=MAX(B10,D10,F10,H10),1,0) -> 0 | F10: 0.1463 | G10: =IF(F10=MAX(B10,D10,F10,H10),1,0) -> 0 | H10: 0.1696 | I10: =IF(H10=MAX(B10,D10,F10,H10),1,0) -> 0 | J10: 0.9066 | K10: 0.0934 | L10: 0.1318 | M10: 0.8682
A11: 2268641531 | B11: 0.7686 | C11: =IF(B11=MAX(B11,D11,F11,H11),1,0) -> 1 | D11: 0.1079 | E11: =IF(D11=MAX(B11,D11,F11,H11),1,0) -> 0 | F11: 0.07 | G11: =IF(F11=MAX(B11,D11,F11,H11),1,0) -> 0 | H11: 0.0535 | I11: =IF(H11=MAX(B11,D11,F11,H11),1,0) -> 0 | J11: 0.9816 | K11: 0.0184 | L11: 0.1162 | M11: 0.8838
A12: 8.859274e+17 | B12: 0.1015 | C12: =IF(B12=MAX(B12,D12,F12,H12),1,0) -> 0 | D12: 0.1289 | E12: =IF(D12=MAX(B12,D12,F12,H12),1,0) -> 0 | F12: 0.5344 | G12: =IF(F12=MAX(B12,D12,F12,H12),1,0) -> 1 | H12: 0.2352 | I12: =IF(H12=MAX(B12,D12,F12,H12),1,0) -> 0 | J12: 0.834 | K12: 0.166 | L12: 0.5762 | M12: 0.4238
A13: 2393355962 | B13: 0.3872 | C13: =IF(B13=MAX(B13,D13,F13,H13),1,0) -> 1 | D13: 0.211 | E13: =IF(D13=MAX(B13,D13,F13,H13),1,0) -> 0 | F13: 0.2054 | G13: =IF(F13=MAX(B13,D13,F13,H13),1,0) -> 0 | H13: 0.1964 | I13: =IF(H13=MAX(B13,D13,F13,H13),1,0) -> 0 | J13: 0.7834 | K13: 0.2166 | L13: 0.2762 | M13: 0.7238
... A311: 315768629 | B311: 0.949 | C311: =IF(B311=MAX(B311,D311,F311,H311),1,0) -> 1 | D311: 0.0406 | E311: =IF(D311=MAX(B311,D311,F311,H311),1,0) -> 0 | F311: 0.0056 | G311: =IF(F311=MAX(B311,D311,F311,H311),1,0) -> 0 | H311: 0.0047 | I311: =IF(H311=MAX(B311,D311,F311,H311),1,0) -> 0 | J311: 0.5039 | K311: 0.4961 | L311: 0.0281 | M311: 0.9719

Sheet Summary
B1: % | C1: n | E1: total | F1: =COUNT(results_yttrandefrihet_text_bas!A2:A5337) -> 310
A2: Gender
A3: % of women, estimate | B3: =C3/F1 -> 0.19032258 | C3: =COUNTIF(results_yttrandefrihet_text_bas!K2:K5337,">0.5") -> 59
A4: % of men, estimate | B4: =C4/F1 -> 0.80967742 | C4: =COUNTIF(results_yttrandefrihet_text_bas!J2:J5337,">0.5") -> 251
A6: Individuals
A7: % of people, non-organisation, estimate | B7: =C7/F1 -> 0.73225806 | C7: =COUNTIF(results_yttrandefrihet_text_bas!M2:M5337,">0.5") -> 227
A8: % of organization accounts, estimate | B8: =C8/F1 -> 0.26774194 | C8: =COUNTIF(results_yttrandefrihet_text_bas!L2:L5337,">0.5") -> 83
A10: Ages | B10: n | C10: %
A11: 18 or younger | B11: =COUNTIF(results_yttrandefrihet_text_bas!C2:C5337,1) -> 33 | C11: =B11/$B$16 -> 0.10645161
A12: 19 to 29 | B12: =COUNTIF(results_yttrandefrihet_text_bas!E2:E5337,1) -> 11 | C12: =B12/$B$16 -> 0.035483871
A13: 30 to 39 | B13: =COUNTIF(results_yttrandefrihet_text_bas!G2:G5337,1) -> 84 | C13: =B13/$B$16 -> 0.27096774
A14: 40 or older | B14: =COUNTIF(results_yttrandefrihet_text_bas!I2:I5337,1) -> 182 | C14: =B14/$B$16 -> 0.58709677
A16: Total | B16: =SUM(B11:B14) -> 310
