Workbook

Sheet results_swexit_text_based
A1: id | B1: est_p_age_le_18 | C1: 18 highest? | D1: est_p_age_19_29 | E1: 19-29 highest? | F1: est_p_age_30_39 | G1: 30-39 highest? | H1: est_p_age_ge_40 | I1: 40 highest? | J1: est_p_gender_male | K1: est_p_gender_female | L1: est_p_is_org | M1: est_p_is_non_org
A2: 2896130092 | B2: 0.3297 | C2: =IF(B2=MAX(B2,D2,F2,H2),1,0) -> 0 | D2: 0.4111 | E2: =IF(D2=MAX(B2,D2,F2,H2),1,0) -> 1 | F2: 0.2089 | G2: =IF(F2=MAX(B2,D2,F2,H2),1,0) -> 0 | H2: 0.0503 | I2: =IF(H2=MAX(B2,D2,F2,H2),1,0) -> 0 | J2: 0.2979 | K2: 0.7021 | L2: 0.0589 | M2: 0.9411
A3: 289345749 | B3: 0.0746 | C3: =IF(B3=MAX(B3,D3,F3,H3),1,0) -> 0 | D3: 0.0824 | E3: =IF(D3=MAX(B3,D3,F3,H3),1,0) -> 0 | F3: 0.3912 | G3: =IF(F3=MAX(B3,D3,F3,H3),1,0) -> 0 | H3: 0.4517 | I3: =IF(H3=MAX(B3,D3,F3,H3),1,0) -> 1 | J3: 0.8758 | K3: 0.1242 | L3: 0.2796 | M3: 0.7204
A4: 2343110231 | B4: 0.6864 | C4: =IF(B4=MAX(B4,D4,F4,H4),1,0) -> 1 | D4: 0.1357 | E4: =IF(D4=MAX(B4,D4,F4,H4),1,0) -> 0 | F4: 0.1048 | G4: =IF(F4=MAX(B4,D4,F4,H4),1,0) -> 0 | H4: 0.0731 | I4: =IF(H4=MAX(B4,D4,F4,H4),1,0) -> 0 | J4: 0.4056 | K4: 0.5944 | L4: 0.2191 | M4: 0.7809
A5: 1.0986868e+18 | B5: 0.1715 | C5: =IF(B5=MAX(B5,D5,F5,H5),1,0) -> 0 | D5: 0.0503 | E5: =IF(D5=MAX(B5,D5,F5,H5),1,0) -> 0 | F5: 0.1808 | G5: =IF(F5=MAX(B5,D5,F5,H5),1,0) -> 0 | H5: 0.5973 | I5: =IF(H5=MAX(B5,D5,F5,H5),1,0) -> 1 | J5: 0.6706 | K5: 0.3294 | L5: 0.684 | M5: 0.316
A6: 1.1030211e+18 | B6: 0.4312 | C6: =IF(B6=MAX(B6,D6,F6,H6),1,0) -> 1 | D6: 0.1193 | E6: =IF(D6=MAX(B6,D6,F6,H6),1,0) -> 0 | F6: 0.3744 | G6: =IF(F6=MAX(B6,D6,F6,H6),1,0) -> 0 | H6: 0.0751 | I6: =IF(H6=MAX(B6,D6,F6,H6),1,0) -> 0 | J6: 0.17 | K6: 0.83 | L6: 0.121 | M6: 0.879
A7: 7.1587602e+17 | B7: 0.1311 | C7: =IF(B7=MAX(B7,D7,F7,H7),1,0) -> 0 | D7: 0.0402 | E7: =IF(D7=MAX(B7,D7,F7,H7),1,0) -> 0 | F7: 0.2964 | G7: =IF(F7=MAX(B7,D7,F7,H7),1,0) -> 0 | H7: 0.5323 | I7: =IF(H7=MAX(B7,D7,F7,H7),1,0) -> 1 | J7: 0.9024 | K7: 0.0976 | L7: 0.6329 | M7: 0.3671
A8: 1.000608e+18 | B8: 0.1528 | C8: =IF(B8=MAX(B8,D8,F8,H8),1,0) -> 0 | D8: 0.1069 | E8: =IF(D8=MAX(B8,D8,F8,H8),1,0) -> 0 | F8: 0.3402 | G8: =IF(F8=MAX(B8,D8,F8,H8),1,0) -> 0 | H8: 0.4001 | I8: =IF(H8=MAX(B8,D8,F8,H8),1,0) -> 1 | J8: 0.8592 | K8: 0.1408 | L8: 0.4219 | M8: 0.5781
A9: 4373854041 | B9: 0.104 | C9: =IF(B9=MAX(B9,D9,F9,H9),1,0) -> 0 | D9: 0.0216 | E9: =IF(D9=MAX(B9,D9,F9,H9),1,0) -> 0 | F9: 0.1333 | G9: =IF(F9=MAX(B9,D9,F9,H9),1,0) -> 0 | H9: 0.7411 | I9: =IF(H9=MAX(B9,D9,F9,H9),1,0) -> 1 | J9: 0.9661 | K9: 0.0339 | L9: 0.8411 | M9: 0.1589
A10: 7.5929091e+17 | B10: 0.0261 | C10: =IF(B10=MAX(B10,D10,F10,H10),1,0) -> 0 | D10: 0.1088 | E10: =IF(D10=MAX(B10,D10,F10,H10),1,0) -> 0 | F10: 0.5009 | G10: =IF(F10=MAX(B10,D10,F10,H10),1,0) -> 1 | H10: 0.3642 | I10: =IF(H10=MAX(B10,D10,F10,H10),1,0) -> 0 | J10: 0.0356 | K10: 0.9644 | L10: 0.1035 | M10: 0.8965
A11: 7.3125338e+17 | B11: 0.0799 | C11: =IF(B11=MAX(B11,D11,F11,H11),1,0) -> 0 | D11: 0.1677 | E11: =IF(D11=MAX(B11,D11,F11,H11),1,0) -> 0 | F11: 0.3156 | G11: =IF(F11=MAX(B11,D11,F11,H11),1,0) -> 0 | H11: 0.4367 | I11: =IF(H11=MAX(B11,D11,F11,H11),1,0) -> 1 | J11: 0.944 | K11: 0.056 | L11: 0.3351 | M11: 0.6649
A12: 15790677 | B12: 0.0055 | C12: =IF(B12=MAX(B12,D12,F12,H12),1,0) -> 0 | D12: 0.0312 | E12: =IF(D12=MAX(B12,D12,F12,H12),1,0) -> 0 | F12: 0.5949 | G12: =IF(F12=MAX(B12,D12,F12,H12),1,0) -> 1 | H12: 0.3683 | I12: =IF(H12=MAX(B12,D12,F12,H12),1,0) -> 0 | J12: 0.9992 | K12: 0.0008 | L12: 0.1786 | M12: 0.8214
A13: 9.7937223e+17 | B13: 0.4453 | C13: =IF(B13=MAX(B13,D13,F13,H13),1,0) -> 1 | D13: 0.2916 | E13: =IF(D13=MAX(B13,D13,F13,H13),1,0) -> 0 | F13: 0.2356 | G13: =IF(F13=MAX(B13,D13,F13,H13),1,0) -> 0 | H13: 0.0274 | I13: =IF(H13=MAX(B13,D13,F13,H13),1,0) -> 0 | J13: 0.2186 | K13: 0.7814 | L13: 0.0491 | M13: 0.9509
... A640: 1234567890 | B640: 0.0583 | C640: =IF(B640=MAX(B640,D640,F640,H640),1,0) -> 0 | D640: 0.0219 | E640: =IF(D640=MAX(B640,D640,F640,H640),1,0) -> 0 | F640: 0.3581 | G640: =IF(F640=MAX(B640,D640,F640,H640),1,0) -> 0 | H640: 0.5617 | I640: =IF(H640=MAX(B640,D640,F640,H640),1,0) -> 1 | J640: 0.9105 | K640: 0.0895 | L640: 0.5048 | M640: 0.4952

Sheet Summary
B1: % | C1: n | E1: total | F1: =COUNT(results_swexit_text_based!A2:A5337) -> 639
A2: Gender
A3: % of women, estimate | B3: =C3/F1 -> 0.14553991 | C3: =COUNTIF(results_swexit_text_based!K2:K5337,">0.5") -> 93
A4: % of men, estimate | B4: =C4/F1 -> 0.85446009 | C4: =COUNTIF(results_swexit_text_based!J2:J5337,">0.5") -> 546
A6: Individuals
A7: % of people, non-organisation, estimate | B7: =C7/F1 -> 0.74647887 | C7: =COUNTIF(results_swexit_text_based!M2:M5337,">0.5") -> 477
A8: % of organization accounts, estimate | B8: =C8/F1 -> 0.25352113 | C8: =COUNTIF(results_swexit_text_based!L2:L5337,">0.5") -> 162
A10: Ages | B10: n | C10: %
A11: 18 or younger | B11: =COUNTIF(results_swexit_text_based!C2:C5337,1) -> 88 | C11: =B11/$B$16 -> 0.13771518
A12: 19 to 29 | B12: =COUNTIF(results_swexit_text_based!E2:E5337,1) -> 23 | C12: =B12/$B$16 -> 0.03599374
A13: 30 to 39 | B13: =COUNTIF(results_swexit_text_based!G2:G5337,1) -> 197 | C13: =B13/$B$16 -> 0.30829421
A14: 40 or older | B14: =COUNTIF(results_swexit_text_based!I2:I5337,1) -> 331 | C14: =B14/$B$16 -> 0.51799687
A16: Total | B16: =SUM(B11:B14) -> 639
